number,value,datetime_start,datetime_complete,duration,params_cooldown_bars,params_entry_threshold,params_exit_threshold,params_max_holding_bars,params_position_size,params_stop_loss_z,params_zscore_window,user_attrs_avg_trades,user_attrs_fold_sharpes,user_attrs_median_return_pct,user_attrs_median_sharpe,user_attrs_worst_dd,state
13,0.05505,2026-04-18 10:49:45.455013,2026-04-18 10:49:46.776302,0 days 00:00:01.321289,12,2.9000000000000004,0.8,384,0.21000000000000002,4.5,216,34.4,"[0.082, -3.677, -2.608, 2.08, 1.189]",0.11,0.082,-5.39,COMPLETE
16,-0.3277,2026-04-18 10:49:49.454386,2026-04-18 10:49:50.738815,0 days 00:00:01.284429,22,3.4000000000000004,0.85,168,0.22999999999999998,5.5,228,16.8,"[-0.309, -4.088, -0.259, -0.669, 1.738]",-0.4,-0.309,-3.74,COMPLETE
10,-0.56255,2026-04-18 10:49:41.506838,2026-04-18 10:49:42.802192,0 days 00:00:01.295354,20,3.1,0.25,504,0.22000000000000003,5.0,48,35.2,"[-0.536, -2.147, -0.892, 0.221, -0.442]",-1.24,-0.536,-5.31,COMPLETE
7,-0.65415,2026-04-18 10:49:37.410277,2026-04-18 10:49:38.710606,0 days 00:00:01.300329,24,1.8,1.0,432,0.24,6.0,276,80.4,"[-0.613, -3.473, 0.585, 2.273, -1.418]",-1.8,-0.613,-8.23,COMPLETE
12,-0.66045,2026-04-18 10:49:44.127083,2026-04-18 10:49:45.454835,0 days 00:00:01.327752,4,2.1,0.4,360,0.18,6.0,264,82.0,"[-0.41, -2.259, -1.572, 0.491, -0.635]",-1.51,-0.635,-5.09,COMPLETE
18,-0.7337,2026-04-18 10:49:52.036978,2026-04-18 10:49:53.369413,0 days 00:00:01.332435,4,3.2,0.9,192,0.15000000000000002,4.0,48,30.4,"[0.701, -2.037, 0.319, -0.722, -1.392]",-0.5,-0.722,-2.34,COMPLETE
14,-0.8321000000000001,2026-04-18 10:49:46.776468,2026-04-18 10:49:48.104642,0 days 00:00:01.328174,22,1.5,0.2,384,0.18,4.0,48,156.8,"[-0.793, -1.818, 1.128, -2.366, 0.064]",-2.89,-0.793,-7.82,COMPLETE
17,-0.90695,2026-04-18 10:49:50.738979,2026-04-18 10:49:52.036735,0 days 00:00:01.297756,12,2.6,0.85,192,0.11,3.0,312,47.6,"[-0.023, -3.051, -1.318, 0.828, -0.894]",-0.79,-0.894,-2.59,COMPLETE
11,-0.9427,2026-04-18 10:49:42.802577,2026-04-18 10:49:44.126916,0 days 00:00:01.324339,2,1.6,0.4,264,0.22999999999999998,5.0,72,200.2,"[-2.385, -0.886, -0.211, -3.922, -0.601]",-2.57,-0.886,-11.34,COMPLETE
5,-0.9647,2026-04-18 10:49:34.794612,2026-04-18 10:49:36.114344,0 days 00:00:01.319732,12,3.1,0.35,144,0.19,4.5,72,33.2,"[-0.948, -1.684, -0.791, -2.289, 0.653]",-1.51,-0.948,-3.34,COMPLETE
