number,value,datetime_start,datetime_complete,duration,params_cooldown_bars,params_entry_threshold,params_exit_threshold,params_max_holding_bars,params_position_size,params_stop_loss_z,params_zscore_window,user_attrs_avg_trades,user_attrs_cost_penalty,user_attrs_fold_sharpes,user_attrs_gross_pnl,user_attrs_median_cost_drag,user_attrs_median_return_pct,user_attrs_median_sharpe,user_attrs_total_costs,user_attrs_worst_dd,state
33,0.3436706614416999,2026-04-18 12:39:07.358762,2026-04-18 12:39:08.587408,0 days 00:00:01.228646,24,1.5,0.9,240,0.22999999999999998,6.0,204,110.0,0.9303,"[1.507, 1.303, 1.429, 0.408, -2.532]",34563.7,0.765,1.97,1.303,30727.73,-5.8,COMPLETE
135,-0.04094980294895412,2026-04-18 12:41:12.803494,2026-04-18 12:41:14.189417,0 days 00:00:01.385923,24,1.6,0.75,144,0.16,6.0,204,100.8,0.9964,"[1.283, 0.412, 0.97, 1.107, -2.718]",21317.85,0.798,0.89,0.97,19872.1,-2.91,COMPLETE
104,-0.1172523701281104,2026-04-18 12:40:34.574513,2026-04-18 12:40:35.786733,0 days 00:00:01.212220,24,1.5,0.75,168,0.16,6.0,252,108.0,1.0762,"[1.395, -0.766, 0.976, 0.983, -2.858]",20745.69,0.838,0.79,0.976,21149.44,-3.42,COMPLETE
67,-0.14599918849400906,2026-04-18 12:39:49.038156,2026-04-18 12:39:50.250103,0 days 00:00:01.211947,24,1.6,0.9500000000000001,168,0.21000000000000002,5.5,156,108.2,1.0768,"[3.431, -2.748, 1.389, 0.96, -2.578]",29786.58,0.838,1.01,0.96,27230.99,-5.83,COMPLETE
83,-0.18936757751033428,2026-04-18 12:40:08.690147,2026-04-18 12:40:09.897129,0 days 00:00:01.206982,24,1.5,1.0,216,0.18,6.0,216,110.4,1.0612,"[1.482, 0.894, 2.266, -0.24, -2.988]",26506.22,0.831,1.02,0.894,23825.42,-4.43,COMPLETE
141,-0.22989285786232927,2026-04-18 12:41:22.393905,2026-04-18 12:41:23.728430,0 days 00:00:01.334525,22,1.6,0.9500000000000001,216,0.19,6.0,192,108.4,1.0635,"[0.854, 0.88, 1.875, -0.342, -0.032]",28836.15,0.832,1.04,0.854,24822.96,-4.08,COMPLETE
61,-0.23029974187286273,2026-04-18 12:39:41.687641,2026-04-18 12:39:42.957969,0 days 00:00:01.270328,22,1.7,1.0,216,0.2,6.0,228,94.4,1.0146,"[0.796, 1.005, 0.519, -0.354, 1.193]",27194.03,0.807,1.11,0.796,22759.85,-2.34,COMPLETE
123,-0.24342007045152725,2026-04-18 12:40:57.736165,2026-04-18 12:40:58.953179,0 days 00:00:01.217014,22,1.5,0.9500000000000001,144,0.21000000000000002,5.5,192,114.0,1.0502,"[0.829, 1.359, 1.476, -0.436, -2.022]",30746.92,0.825,1.27,0.829,28705.71,-4.44,COMPLETE
7,-0.3022197305486297,2026-04-18 12:38:35.439016,2026-04-18 12:38:36.680131,0 days 00:00:01.241115,24,1.8,1.0,432,0.24,6.0,276,80.4,1.0741,"[1.321, -0.959, 1.304, 0.79, 0.524]",27755.81,0.837,0.81,0.79,23409.08,-3.63,COMPLETE
92,-0.34303571681558975,2026-04-18 12:40:19.839762,2026-04-18 12:40:21.143979,0 days 00:00:01.304217,24,1.5,0.8,144,0.16999999999999998,5.5,228,108.8,1.0798,"[0.857, 0.753, 1.462, 0.141, -2.479]",23272.46,0.84,0.83,0.753,22565.66,-3.25,COMPLETE
